Modele,Nb_anomalies,Precision,Recall,F1
Isolation Forest,1347,0.4974016332590943,0.40458937198067635,0.4462204462204462
LOF,1347,0.15812917594654788,0.1286231884057971,0.14185814185814186
One-Class SVM,1497,0.19305277221108885,0.17451690821256038,0.1833174754202347
DBSCAN,3429,0.17935258092738407,0.3713768115942029,0.24188790560471976
